Tipo de Delito: Nivel 1	Tipo de Delito: Nivel 2	Tipo de Delito: Nivel 3	Tipo de Delito: Nivel 4	Nacionalidad	Periodo	Total
A Delitos	1 Homicidio y sus formas			Española	2022	800
A Delitos	1 Homicidio y sus formas			Española	2021	876
A Delitos	1 Homicidio y sus formas			Española	2020	786
A Delitos	1 Homicidio y sus formas			Española	2019	847
A Delitos	1 Homicidio y sus formas			Española	2018	837
A Delitos	1 Homicidio y sus formas			Española	2017	925
A Delitos	1 Homicidio y sus formas			Española	2016	1.028
A Delitos	1 Homicidio y sus formas			Española	2015	1.071
A Delitos	1 Homicidio y sus formas			Española	2014	1.013
A Delitos	1 Homicidio y sus formas			Española	2013	1.096
A Delitos	1 Homicidio y sus formas			País de la UE28 sin España	2022	""
A Delitos	1 Homicidio y sus formas			País de la UE28 sin España	2021	""
A Delitos	1 Homicidio y sus formas			País de la UE28 sin España	2020	""
A Delitos	1 Homicidio y sus formas			País de la UE28 sin España	2019	97
A Delitos	1 Homicidio y sus formas			País de la UE28 sin España	2018	87
A Delitos	1 Homicidio y sus formas			País de la UE28 sin España	2017	98
A Delitos	1 Homicidio y sus formas			País de la UE28 sin España	2016	80
A Delitos	1 Homicidio y sus formas			País de la UE28 sin España	2015	108
A Delitos	1 Homicidio y sus formas			País de la UE28 sin España	2014	95
A Delitos	1 Homicidio y sus formas			País de la UE28 sin España	2013	101
A Delitos	1 Homicidio y sus formas			País de la UE27_2020 sin España	2022	68
A Delitos	1 Homicidio y sus formas			País de la UE27_2020 sin España	2021	63
A Delitos	1 Homicidio y sus formas			País de la UE27_2020 sin España	2020	64
A Delitos	1 Homicidio y sus formas			País de la UE27_2020 sin España	2019	""
A Delitos	1 Homicidio y sus formas			País de la UE27_2020 sin España	2018	""
A Delitos	1 Homicidio y sus formas			País de la UE27_2020 sin España	2017	""
A Delitos	1 Homicidio y sus formas			País de la UE27_2020 sin España	2016	""
A Delitos	1 Homicidio y sus formas			País de la UE27_2020 sin España	2015	""
A Delitos	1 Homicidio y sus formas			País de la UE27_2020 sin España	2014	""
A Delitos	1 Homicidio y sus formas			País de la UE27_2020 sin España	2013	""
A Delitos	1 Homicidio y sus formas			País de Europa menos UE28	2022	""
A Delitos	1 Homicidio y sus formas			País de Europa menos UE28	2021	""
A Delitos	1 Homicidio y sus formas			País de Europa menos UE28	2020	""
A Delitos	1 Homicidio y sus formas			País de Europa menos UE28	2019	15
A Delitos	1 Homicidio y sus formas			País de Europa menos UE28	2018	15
A Delitos	1 Homicidio y sus formas			País de Europa menos UE28	2017	10
A Delitos	1 Homicidio y sus formas			País de Europa menos UE28	2016	9
A Delitos	1 Homicidio y sus formas			País de Europa menos UE28	2015	11
A Delitos	1 Homicidio y sus formas			País de Europa menos UE28	2014	9
A Delitos	1 Homicidio y sus formas			País de Europa menos UE28	2013	12
A Delitos	1 Homicidio y sus formas			País de Europa menos UE27_2020	2022	12
A Delitos	1 Homicidio y sus formas			País de Europa menos UE27_2020	2021	12
A Delitos	1 Homicidio y sus formas			País de Europa menos UE27_2020	2020	31
A Delitos	1 Homicidio y sus formas			País de Europa menos UE27_2020	2019	""
A Delitos	1 Homicidio y sus formas			País de Europa menos UE27_2020	2018	""
A Delitos	1 Homicidio y sus formas			País de Europa menos UE27_2020	2017	""
A Delitos	1 Homicidio y sus formas			País de Europa menos UE27_2020	2016	""
A Delitos	1 Homicidio y sus formas			País de Europa menos UE27_2020	2015	""
A Delitos	1 Homicidio y sus formas			País de Europa menos UE27_2020	2014	""
A Delitos	1 Homicidio y sus formas			País de Europa menos UE27_2020	2013	""
A Delitos	1 Homicidio y sus formas			De Africa	2022	126
A Delitos	1 Homicidio y sus formas			De Africa	2021	95
A Delitos	1 Homicidio y sus formas			De Africa	2020	69
A Delitos	1 Homicidio y sus formas			De Africa	2019	50
A Delitos	1 Homicidio y sus formas			De Africa	2018	61
A Delitos	1 Homicidio y sus formas			De Africa	2017	37
A Delitos	1 Homicidio y sus formas			De Africa	2016	52
A Delitos	1 Homicidio y sus formas			De Africa	2015	60
A Delitos	1 Homicidio y sus formas			De Africa	2014	64
A Delitos	1 Homicidio y sus formas			De Africa	2013	90
A Delitos	1 Homicidio y sus formas			De América	2022	76
A Delitos	1 Homicidio y sus formas			De América	2021	83
A Delitos	1 Homicidio y sus formas			De América	2020	77
A Delitos	1 Homicidio y sus formas			De América	2019	80
A Delitos	1 Homicidio y sus formas			De América	2018	79
A Delitos	1 Homicidio y sus formas			De América	2017	71
A Delitos	1 Homicidio y sus formas			De América	2016	69
A Delitos	1 Homicidio y sus formas			De América	2015	91
A Delitos	1 Homicidio y sus formas			De América	2014	98
A Delitos	1 Homicidio y sus formas			De América	2013	113
A Delitos	1 Homicidio y sus formas			De Asia	2022	6
A Delitos	1 Homicidio y sus formas			De Asia	2021	16
A Delitos	1 Homicidio y sus formas			De Asia	2020	9
A Delitos	1 Homicidio y sus formas			De Asia	2019	10
A Delitos	1 Homicidio y sus formas			De Asia	2018	8
A Delitos	1 Homicidio y sus formas			De Asia	2017	17
A Delitos	1 Homicidio y sus formas			De Asia	2016	12
A Delitos	1 Homicidio y sus formas			De Asia	2015	14
A Delitos	1 Homicidio y sus formas			De Asia	2014	15
A Delitos	1 Homicidio y sus formas			De Asia	2013	14
A Delitos	1 Homicidio y sus formas			De Oceanía	2022	0
A Delitos	1 Homicidio y sus formas			De Oceanía	2021	0
A Delitos	1 Homicidio y sus formas			De Oceanía	2020	0
A Delitos	1 Homicidio y sus formas			De Oceanía	2019	0
A Delitos	1 Homicidio y sus formas			De Oceanía	2018	0
A Delitos	1 Homicidio y sus formas			De Oceanía	2017	0
A Delitos	1 Homicidio y sus formas			De Oceanía	2016	2
A Delitos	1 Homicidio y sus formas			De Oceanía	2015	0
A Delitos	1 Homicidio y sus formas			De Oceanía	2014	1
A Delitos	1 Homicidio y sus formas			De Oceanía	2013	1
A Delitos	3 Lesiones			Española	2022	52.582
A Delitos	3 Lesiones			Española	2021	52.174
A Delitos	3 Lesiones			Española	2020	39.338
A Delitos	3 Lesiones			Española	2019	52.290
A Delitos	3 Lesiones			Española	2018	51.384
A Delitos	3 Lesiones			Española	2017	50.527
A Delitos	3 Lesiones			Española	2016	42.228
A Delitos	3 Lesiones			Española	2015	27.964
A Delitos	3 Lesiones			Española	2014	25.839
A Delitos	3 Lesiones			Española	2013	24.976
A Delitos	3 Lesiones			País de la UE28 sin España	2022	""
A Delitos	3 Lesiones			País de la UE28 sin España	2021	""
A Delitos	3 Lesiones			País de la UE28 sin España	2020	""
A Delitos	3 Lesiones			País de la UE28 sin España	2019	4.864
A Delitos	3 Lesiones			País de la UE28 sin España	2018	4.884
A Delitos	3 Lesiones			País de la UE28 sin España	2017	4.541
A Delitos	3 Lesiones			País de la UE28 sin España	2016	4.050
A Delitos	3 Lesiones			País de la UE28 sin España	2015	2.805
A Delitos	3 Lesiones			País de la UE28 sin España	2014	2.383
A Delitos	3 Lesiones			País de la UE28 sin España	2013	2.488
A Delitos	3 Lesiones			País de la UE27_2020 sin España	2022	4.027
A Delitos	3 Lesiones			País de la UE27_2020 sin España	2021	3.978
A Delitos	3 Lesiones			País de la UE27_2020 sin España	2020	3.094
A Delitos	3 Lesiones			País de la UE27_2020 sin España	2019	""
A Delitos	3 Lesiones			País de la UE27_2020 sin España	2018	""
A Delitos	3 Lesiones			País de la UE27_2020 sin España	2017	""
A Delitos	3 Lesiones			País de la UE27_2020 sin España	2016	""
A Delitos	3 Lesiones			País de la UE27_2020 sin España	2015	""
A Delitos	3 Lesiones			País de la UE27_2020 sin España	2014	""
A Delitos	3 Lesiones			País de la UE27_2020 sin España	2013	""
A Delitos	3 Lesiones			País de Europa menos UE28	2022	""
A Delitos	3 Lesiones			País de Europa menos UE28	2021	""
A Delitos	3 Lesiones			País de Europa menos UE28	2020	""
A Delitos	3 Lesiones			País de Europa menos UE28	2019	659
A Delitos	3 Lesiones			País de Europa menos UE28	2018	534
A Delitos	3 Lesiones			País de Europa menos UE28	2017	534
A Delitos	3 Lesiones			País de Europa menos UE28	2016	433
A Delitos	3 Lesiones			País de Europa menos UE28	2015	319
A Delitos	3 Lesiones			País de Europa menos UE28	2014	246
A Delitos	3 Lesiones			País de Europa menos UE28	2013	225
A Delitos	3 Lesiones			País de Europa menos UE27_2020	2022	1.318
A Delitos	3 Lesiones			País de Europa menos UE27_2020	2021	1.071
A Delitos	3 Lesiones			País de Europa menos UE27_2020	2020	834
A Delitos	3 Lesiones			País de Europa menos UE27_2020	2019	""
A Delitos	3 Lesiones			País de Europa menos UE27_2020	2018	""
A Delitos	3 Lesiones			País de Europa menos UE27_2020	2017	""
A Delitos	3 Lesiones			País de Europa menos UE27_2020	2016	""
A Delitos	3 Lesiones			País de Europa menos UE27_2020	2015	""
A Delitos	3 Lesiones			País de Europa menos UE27_2020	2014	""
A Delitos	3 Lesiones			País de Europa menos UE27_2020	2013	""
A Delitos	3 Lesiones			De Africa	2022	6.993
A Delitos	3 Lesiones			De Africa	2021	6.304
A Delitos	3 Lesiones			De Africa	2020	4.522
A Delitos	3 Lesiones			De Africa	2019	5.227
A Delitos	3 Lesiones			De Africa	2018	4.842
A Delitos	3 Lesiones			De Africa	2017	4.514
A Delitos	3 Lesiones			De Africa	2016	3.800
A Delitos	3 Lesiones			De Africa	2015	2.397
A Delitos	3 Lesiones			De Africa	2014	2.185
A Delitos	3 Lesiones			De Africa	2013	2.141
A Delitos	3 Lesiones			De América	2022	7.298
A Delitos	3 Lesiones			De América	2021	6.516
A Delitos	3 Lesiones			De América	2020	4.878
A Delitos	3 Lesiones			De América	2019	5.729
A Delitos	3 Lesiones			De América	2018	5.207
A Delitos	3 Lesiones			De América	2017	4.819
A Delitos	3 Lesiones			De América	2016	4.247
A Delitos	3 Lesiones			De América	2015	3.260
A Delitos	3 Lesiones			De América	2014	3.177
A Delitos	3 Lesiones			De América	2013	3.636
A Delitos	3 Lesiones			De Asia	2022	590
A Delitos	3 Lesiones			De Asia	2021	633
A Delitos	3 Lesiones			De Asia	2020	433
A Delitos	3 Lesiones			De Asia	2019	658
A Delitos	3 Lesiones			De Asia	2018	612
A Delitos	3 Lesiones			De Asia	2017	579
A Delitos	3 Lesiones			De Asia	2016	504
A Delitos	3 Lesiones			De Asia	2015	335
A Delitos	3 Lesiones			De Asia	2014	305
A Delitos	3 Lesiones			De Asia	2013	282
A Delitos	3 Lesiones			De Oceanía	2022	8
A Delitos	3 Lesiones			De Oceanía	2021	2
A Delitos	3 Lesiones			De Oceanía	2020	6
A Delitos	3 Lesiones			De Oceanía	2019	10
A Delitos	3 Lesiones			De Oceanía	2018	9
A Delitos	3 Lesiones			De Oceanía	2017	5
A Delitos	3 Lesiones			De Oceanía	2016	10
A Delitos	3 Lesiones			De Oceanía	2015	2
A Delitos	3 Lesiones			De Oceanía	2014	1
A Delitos	3 Lesiones			De Oceanía	2013	19
A Delitos	13 Contra el patrimonio y el orden socioeconómico	13.1 Hurtos		Española	2022	39.817
A Delitos	13 Contra el patrimonio y el orden socioeconómico	13.1 Hurtos		Española	2021	39.620
A Delitos	13 Contra el patrimonio y el orden socioeconómico	13.1 Hurtos		Española	2020	30.935
A Delitos	13 Contra el patrimonio y el orden socioeconómico	13.1 Hurtos		Española	2019	45.193
A Delitos	13 Contra el patrimonio y el orden socioeconómico	13.1 Hurtos		Española	2018	46.224
A Delitos	13 Contra el patrimonio y el orden socioeconómico	13.1 Hurtos		Española	2017	43.424
A Delitos	13 Contra el patrimonio y el orden socioeconómico	13.1 Hurtos		Española	2016	38.361
A Delitos	13 Contra el patrimonio y el orden socioeconómico	13.1 Hurtos		Española	2015	13.923
A Delitos	13 Contra el patrimonio y el orden socioeconómico	13.1 Hurtos		Española	2014	8.020
A Delitos	13 Contra el patrimonio y el orden socioeconómico	13.1 Hurtos		Española	2013	7.252
A Delitos	13 Contra el patrimonio y el orden socioeconómico	13.1 Hurtos		País de la UE28 sin España	2022	""
A Delitos	13 Contra el patrimonio y el orden socioeconómico	13.1 Hurtos		País de la UE28 sin España	2021	""
A Delitos	13 Contra el patrimonio y el orden socioeconómico	13.1 Hurtos		País de la UE28 sin España	2020	""
A Delitos	13 Contra el patrimonio y el orden socioeconómico	13.1 Hurtos		País de la UE28 sin España	2019	9.943
A Delitos	13 Contra el patrimonio y el orden socioeconómico	13.1 Hurtos		País de la UE28 sin España	2018	10.567
A Delitos	13 Contra el patrimonio y el orden socioeconómico	13.1 Hurtos		País de la UE28 sin España	2017	8.540
A Delitos	13 Contra el patrimonio y el orden socioeconómico	13.1 Hurtos		País de la UE28 sin España	2016	7.536
A Delitos	13 Contra el patrimonio y el orden socioeconómico	13.1 Hurtos		País de la UE28 sin España	2015	3.208
A Delitos	13 Contra el patrimonio y el orden socioeconómico	13.1 Hurtos		País de la UE28 sin España	2014	1.826
A Delitos	13 Contra el patrimonio y el orden socioeconómico	13.1 Hurtos		País de la UE28 sin España	2013	1.803
A Delitos	13 Contra el patrimonio y el orden socioeconómico	13.1 Hurtos		País de la UE27_2020 sin España	2022	4.815
A Delitos	13 Contra el patrimonio y el orden socioeconómico	13.1 Hurtos		País de la UE27_2020 sin España	2021	4.655
A Delitos	13 Contra el patrimonio y el orden socioeconómico	13.1 Hurtos		País de la UE27_2020 sin España	2020	4.920
A Delitos	13 Contra el patrimonio y el orden socioeconómico	13.1 Hurtos		País de la UE27_2020 sin España	2019	""
A Delitos	13 Contra el patrimonio y el orden socioeconómico	13.1 Hurtos		País de la UE27_2020 sin España	2018	""
A Delitos	13 Contra el patrimonio y el orden socioeconómico	13.1 Hurtos		País de la UE27_2020 sin España	2017	""
A Delitos	13 Contra el patrimonio y el orden socioeconómico	13.1 Hurtos		País de la UE27_2020 sin España	2016	""
A Delitos	13 Contra el patrimonio y el orden socioeconómico	13.1 Hurtos		País de la UE27_2020 sin España	2015	""
A Delitos	13 Contra el patrimonio y el orden socioeconómico	13.1 Hurtos		País de la UE27_2020 sin España	2014	""
A Delitos	13 Contra el patrimonio y el orden socioeconómico	13.1 Hurtos		País de la UE27_2020 sin España	2013	""
A Delitos	13 Contra el patrimonio y el orden socioeconómico	13.1 Hurtos		País de Europa menos UE28	2022	""
A Delitos	13 Contra el patrimonio y el orden socioeconómico	13.1 Hurtos		País de Europa menos UE28	2021	""
A Delitos	13 Contra el patrimonio y el orden socioeconómico	13.1 Hurtos		País de Europa menos UE28	2020	""
A Delitos	13 Contra el patrimonio y el orden socioeconómico	13.1 Hurtos		País de Europa menos UE28	2019	3.562
A Delitos	13 Contra el patrimonio y el orden socioeconómico	13.1 Hurtos		País de Europa menos UE28	2018	2.301
A Delitos	13 Contra el patrimonio y el orden socioeconómico	13.1 Hurtos		País de Europa menos UE28	2017	1.679
A Delitos	13 Contra el patrimonio y el orden socioeconómico	13.1 Hurtos		País de Europa menos UE28	2016	1.455
A Delitos	13 Contra el patrimonio y el orden socioeconómico	13.1 Hurtos		País de Europa menos UE28	2015	508
A Delitos	13 Contra el patrimonio y el orden socioeconómico	13.1 Hurtos		País de Europa menos UE28	2014	187
A Delitos	13 Contra el patrimonio y el orden socioeconómico	13.1 Hurtos		País de Europa menos UE28	2013	146
A Delitos	13 Contra el patrimonio y el orden socioeconómico	13.1 Hurtos		País de Europa menos UE27_2020	2022	1.646
A Delitos	13 Contra el patrimonio y el orden socioeconómico	13.1 Hurtos		País de Europa menos UE27_2020	2021	1.779
A Delitos	13 Contra el patrimonio y el orden socioeconómico	13.1 Hurtos		País de Europa menos UE27_2020	2020	2.145
A Delitos	13 Contra el patrimonio y el orden socioeconómico	13.1 Hurtos		País de Europa menos UE27_2020	2019	""
A Delitos	13 Contra el patrimonio y el orden socioeconómico	13.1 Hurtos		País de Europa menos UE27_2020	2018	""
A Delitos	13 Contra el patrimonio y el orden socioeconómico	13.1 Hurtos		País de Europa menos UE27_2020	2017	""
A Delitos	13 Contra el patrimonio y el orden socioeconómico	13.1 Hurtos		País de Europa menos UE27_2020	2016	""
A Delitos	13 Contra el patrimonio y el orden socioeconómico	13.1 Hurtos		País de Europa menos UE27_2020	2015	""
A Delitos	13 Contra el patrimonio y el orden socioeconómico	13.1 Hurtos		País de Europa menos UE27_2020	2014	""
A Delitos	13 Contra el patrimonio y el orden socioeconómico	13.1 Hurtos		País de Europa menos UE27_2020	2013	""
A Delitos	13 Contra el patrimonio y el orden socioeconómico	13.1 Hurtos		De Africa	2022	6.866
A Delitos	13 Contra el patrimonio y el orden socioeconómico	13.1 Hurtos		De Africa	2021	5.981
A Delitos	13 Contra el patrimonio y el orden socioeconómico	13.1 Hurtos		De Africa	2020	4.457
A Delitos	13 Contra el patrimonio y el orden socioeconómico	13.1 Hurtos		De Africa	2019	6.271
A Delitos	13 Contra el patrimonio y el orden socioeconómico	13.1 Hurtos		De Africa	2018	5.263
A Delitos	13 Contra el patrimonio y el orden socioeconómico	13.1 Hurtos		De Africa	2017	5.078
A Delitos	13 Contra el patrimonio y el orden socioeconómico	13.1 Hurtos		De Africa	2016	4.135
A Delitos	13 Contra el patrimonio y el orden socioeconómico	13.1 Hurtos		De Africa	2015	1.520
A Delitos	13 Contra el patrimonio y el orden socioeconómico	13.1 Hurtos		De Africa	2014	719
A Delitos	13 Contra el patrimonio y el orden socioeconómico	13.1 Hurtos		De Africa	2013	639
A Delitos	13 Contra el patrimonio y el orden socioeconómico	13.1 Hurtos		De América	2022	4.669
A Delitos	13 Contra el patrimonio y el orden socioeconómico	13.1 Hurtos		De América	2021	5.041
A Delitos	13 Contra el patrimonio y el orden socioeconómico	13.1 Hurtos		De América	2020	4.684
A Delitos	13 Contra el patrimonio y el orden socioeconómico	13.1 Hurtos		De América	2019	6.123
A Delitos	13 Contra el patrimonio y el orden socioeconómico	13.1 Hurtos		De América	2018	5.131
A Delitos	13 Contra el patrimonio y el orden socioeconómico	13.1 Hurtos		De América	2017	4.400
A Delitos	13 Contra el patrimonio y el orden socioeconómico	13.1 Hurtos		De América	2016	3.315
A Delitos	13 Contra el patrimonio y el orden socioeconómico	13.1 Hurtos		De América	2015	1.262
A Delitos	13 Contra el patrimonio y el orden socioeconómico	13.1 Hurtos		De América	2014	748
A Delitos	13 Contra el patrimonio y el orden socioeconómico	13.1 Hurtos		De América	2013	766
A Delitos	13 Contra el patrimonio y el orden socioeconómico	13.1 Hurtos		De Asia	2022	380
A Delitos	13 Contra el patrimonio y el orden socioeconómico	13.1 Hurtos		De Asia	2021	459
A Delitos	13 Contra el patrimonio y el orden socioeconómico	13.1 Hurtos		De Asia	2020	392
A Delitos	13 Contra el patrimonio y el orden socioeconómico	13.1 Hurtos		De Asia	2019	578
A Delitos	13 Contra el patrimonio y el orden socioeconómico	13.1 Hurtos		De Asia	2018	612
A Delitos	13 Contra el patrimonio y el orden socioeconómico	13.1 Hurtos		De Asia	2017	591
A Delitos	13 Contra el patrimonio y el orden socioeconómico	13.1 Hurtos		De Asia	2016	475
A Delitos	13 Contra el patrimonio y el orden socioeconómico	13.1 Hurtos		De Asia	2015	190
A Delitos	13 Contra el patrimonio y el orden socioeconómico	13.1 Hurtos		De Asia	2014	104
A Delitos	13 Contra el patrimonio y el orden socioeconómico	13.1 Hurtos		De Asia	2013	116
A Delitos	13 Contra el patrimonio y el orden socioeconómico	13.1 Hurtos		De Oceanía	2022	0
A Delitos	13 Contra el patrimonio y el orden socioeconómico	13.1 Hurtos		De Oceanía	2021	0
A Delitos	13 Contra el patrimonio y el orden socioeconómico	13.1 Hurtos		De Oceanía	2020	0
A Delitos	13 Contra el patrimonio y el orden socioeconómico	13.1 Hurtos		De Oceanía	2019	1
A Delitos	13 Contra el patrimonio y el orden socioeconómico	13.1 Hurtos		De Oceanía	2018	4
A Delitos	13 Contra el patrimonio y el orden socioeconómico	13.1 Hurtos		De Oceanía	2017	9
A Delitos	13 Contra el patrimonio y el orden socioeconómico	13.1 Hurtos		De Oceanía	2016	5
A Delitos	13 Contra el patrimonio y el orden socioeconómico	13.1 Hurtos		De Oceanía	2015	0
A Delitos	13 Contra el patrimonio y el orden socioeconómico	13.1 Hurtos		De Oceanía	2014	2
A Delitos	13 Contra el patrimonio y el orden socioeconómico	13.1 Hurtos		De Oceanía	2013	29
A Delitos	13 Contra el patrimonio y el orden socioeconómico	13.2 Robos		Española	2022	15.900
A Delitos	13 Contra el patrimonio y el orden socioeconómico	13.2 Robos		Española	2021	15.965
A Delitos	13 Contra el patrimonio y el orden socioeconómico	13.2 Robos		Española	2020	12.898
A Delitos	13 Contra el patrimonio y el orden socioeconómico	13.2 Robos		Española	2019	17.617
A Delitos	13 Contra el patrimonio y el orden socioeconómico	13.2 Robos		Española	2018	19.462
A Delitos	13 Contra el patrimonio y el orden socioeconómico	13.2 Robos		Española	2017	21.212
A Delitos	13 Contra el patrimonio y el orden socioeconómico	13.2 Robos		Española	2016	22.084
A Delitos	13 Contra el patrimonio y el orden socioeconómico	13.2 Robos		Española	2015	22.524
A Delitos	13 Contra el patrimonio y el orden socioeconómico	13.2 Robos		Española	2014	23.460
A Delitos	13 Contra el patrimonio y el orden socioeconómico	13.2 Robos		Española	2013	22.855
A Delitos	13 Contra el patrimonio y el orden socioeconómico	13.2 Robos		País de la UE28 sin España	2022	""
A Delitos	13 Contra el patrimonio y el orden socioeconómico	13.2 Robos		País de la UE28 sin España	2021	""
A Delitos	13 Contra el patrimonio y el orden socioeconómico	13.2 Robos		País de la UE28 sin España	2020	""
A Delitos	13 Contra el patrimonio y el orden socioeconómico	13.2 Robos		País de la UE28 sin España	2019	1.774
A Delitos	13 Contra el patrimonio y el orden socioeconómico	13.2 Robos		País de la UE28 sin España	2018	2.034
A Delitos	13 Contra el patrimonio y el orden socioeconómico	13.2 Robos		País de la UE28 sin España	2017	2.187
A Delitos	13 Contra el patrimonio y el orden socioeconómico	13.2 Robos		País de la UE28 sin España	2016	2.561
A Delitos	13 Contra el patrimonio y el orden socioeconómico	13.2 Robos		País de la UE28 sin España	2015	2.733
A Delitos	13 Contra el patrimonio y el orden socioeconómico	13.2 Robos		País de la UE28 sin España	2014	2.902
A Delitos	13 Contra el patrimonio y el orden socioeconómico	13.2 Robos		País de la UE28 sin España	2013	2.919
A Delitos	13 Contra el patrimonio y el orden socioeconómico	13.2 Robos		País de la UE27_2020 sin España	2022	1.356
A Delitos	13 Contra el patrimonio y el orden socioeconómico	13.2 Robos		País de la UE27_2020 sin España	2021	1.445
A Delitos	13 Contra el patrimonio y el orden socioeconómico	13.2 Robos		País de la UE27_2020 sin España	2020	1.163
A Delitos	13 Contra el patrimonio y el orden socioeconómico	13.2 Robos		País de la UE27_2020 sin España	2019	""
A Delitos	13 Contra el patrimonio y el orden socioeconómico	13.2 Robos		País de la UE27_2020 sin España	2018	""
A Delitos	13 Contra el patrimonio y el orden socioeconómico	13.2 Robos		País de la UE27_2020 sin España	2017	""
A Delitos	13 Contra el patrimonio y el orden socioeconómico	13.2 Robos		País de la UE27_2020 sin España	2016	""
A Delitos	13 Contra el patrimonio y el orden socioeconómico	13.2 Robos		País de la UE27_2020 sin España	2015	""
A Delitos	13 Contra el patrimonio y el orden socioeconómico	13.2 Robos		País de la UE27_2020 sin España	2014	""
A Delitos	13 Contra el patrimonio y el orden socioeconómico	13.2 Robos		País de la UE27_2020 sin España	2013	""
A Delitos	13 Contra el patrimonio y el orden socioeconómico	13.2 Robos		País de Europa menos UE28	2022	""
A Delitos	13 Contra el patrimonio y el orden socioeconómico	13.2 Robos		País de Europa menos UE28	2021	""
A Delitos	13 Contra el patrimonio y el orden socioeconómico	13.2 Robos		País de Europa menos UE28	2020	""
A Delitos	13 Contra el patrimonio y el orden socioeconómico	13.2 Robos		País de Europa menos UE28	2019	513
A Delitos	13 Contra el patrimonio y el orden socioeconómico	13.2 Robos		País de Europa menos UE28	2018	430
A Delitos	13 Contra el patrimonio y el orden socioeconómico	13.2 Robos		País de Europa menos UE28	2017	438
A Delitos	13 Contra el patrimonio y el orden socioeconómico	13.2 Robos		País de Europa menos UE28	2016	393
A Delitos	13 Contra el patrimonio y el orden socioeconómico	13.2 Robos		País de Europa menos UE28	2015	369
A Delitos	13 Contra el patrimonio y el orden socioeconómico	13.2 Robos		País de Europa menos UE28	2014	327
A Delitos	13 Contra el patrimonio y el orden socioeconómico	13.2 Robos		País de Europa menos UE28	2013	223
A Delitos	13 Contra el patrimonio y el orden socioeconómico	13.2 Robos		País de Europa menos UE27_2020	2022	441
A Delitos	13 Contra el patrimonio y el orden socioeconómico	13.2 Robos		País de Europa menos UE27_2020	2021	426
A Delitos	13 Contra el patrimonio y el orden socioeconómico	13.2 Robos		País de Europa menos UE27_2020	2020	427
A Delitos	13 Contra el patrimonio y el orden socioeconómico	13.2 Robos		País de Europa menos UE27_2020	2019	""
A Delitos	13 Contra el patrimonio y el orden socioeconómico	13.2 Robos		País de Europa menos UE27_2020	2018	""
A Delitos	13 Contra el patrimonio y el orden socioeconómico	13.2 Robos		País de Europa menos UE27_2020	2017	""
A Delitos	13 Contra el patrimonio y el orden socioeconómico	13.2 Robos		País de Europa menos UE27_2020	2016	""
A Delitos	13 Contra el patrimonio y el orden socioeconómico	13.2 Robos		País de Europa menos UE27_2020	2015	""
A Delitos	13 Contra el patrimonio y el orden socioeconómico	13.2 Robos		País de Europa menos UE27_2020	2014	""
A Delitos	13 Contra el patrimonio y el orden socioeconómico	13.2 Robos		País de Europa menos UE27_2020	2013	""
A Delitos	13 Contra el patrimonio y el orden socioeconómico	13.2 Robos		De Africa	2022	4.351
A Delitos	13 Contra el patrimonio y el orden socioeconómico	13.2 Robos		De Africa	2021	3.655
A Delitos	13 Contra el patrimonio y el orden socioeconómico	13.2 Robos		De Africa	2020	2.680
A Delitos	13 Contra el patrimonio y el orden socioeconómico	13.2 Robos		De Africa	2019	2.929
A Delitos	13 Contra el patrimonio y el orden socioeconómico	13.2 Robos		De Africa	2018	2.743
A Delitos	13 Contra el patrimonio y el orden socioeconómico	13.2 Robos		De Africa	2017	2.675
A Delitos	13 Contra el patrimonio y el orden socioeconómico	13.2 Robos		De Africa	2016	2.427
A Delitos	13 Contra el patrimonio y el orden socioeconómico	13.2 Robos		De Africa	2015	2.571
A Delitos	13 Contra el patrimonio y el orden socioeconómico	13.2 Robos		De Africa	2014	2.724
A Delitos	13 Contra el patrimonio y el orden socioeconómico	13.2 Robos		De Africa	2013	2.922
A Delitos	13 Contra el patrimonio y el orden socioeconómico	13.2 Robos		De América	2022	1.049
A Delitos	13 Contra el patrimonio y el orden socioeconómico	13.2 Robos		De América	2021	976
A Delitos	13 Contra el patrimonio y el orden socioeconómico	13.2 Robos		De América	2020	891
A Delitos	13 Contra el patrimonio y el orden socioeconómico	13.2 Robos		De América	2019	1.063
A Delitos	13 Contra el patrimonio y el orden socioeconómico	13.2 Robos		De América	2018	1.011
A Delitos	13 Contra el patrimonio y el orden socioeconómico	13.2 Robos		De América	2017	1.104
A Delitos	13 Contra el patrimonio y el orden socioeconómico	13.2 Robos		De América	2016	1.177
A Delitos	13 Contra el patrimonio y el orden socioeconómico	13.2 Robos		De América	2015	1.215
A Delitos	13 Contra el patrimonio y el orden socioeconómico	13.2 Robos		De América	2014	1.285
A Delitos	13 Contra el patrimonio y el orden socioeconómico	13.2 Robos		De América	2013	1.389
A Delitos	13 Contra el patrimonio y el orden socioeconómico	13.2 Robos		De Asia	2022	113
A Delitos	13 Contra el patrimonio y el orden socioeconómico	13.2 Robos		De Asia	2021	97
A Delitos	13 Contra el patrimonio y el orden socioeconómico	13.2 Robos		De Asia	2020	89
A Delitos	13 Contra el patrimonio y el orden socioeconómico	13.2 Robos		De Asia	2019	108
A Delitos	13 Contra el patrimonio y el orden socioeconómico	13.2 Robos		De Asia	2018	73
A Delitos	13 Contra el patrimonio y el orden socioeconómico	13.2 Robos		De Asia	2017	95
A Delitos	13 Contra el patrimonio y el orden socioeconómico	13.2 Robos		De Asia	2016	114
A Delitos	13 Contra el patrimonio y el orden socioeconómico	13.2 Robos		De Asia	2015	86
A Delitos	13 Contra el patrimonio y el orden socioeconómico	13.2 Robos		De Asia	2014	115
A Delitos	13 Contra el patrimonio y el orden socioeconómico	13.2 Robos		De Asia	2013	127
A Delitos	13 Contra el patrimonio y el orden socioeconómico	13.2 Robos		De Oceanía	2022	0
A Delitos	13 Contra el patrimonio y el orden socioeconómico	13.2 Robos		De Oceanía	2021	0
A Delitos	13 Contra el patrimonio y el orden socioeconómico	13.2 Robos		De Oceanía	2020	1
A Delitos	13 Contra el patrimonio y el orden socioeconómico	13.2 Robos		De Oceanía	2019	0
A Delitos	13 Contra el patrimonio y el orden socioeconómico	13.2 Robos		De Oceanía	2018	3
A Delitos	13 Contra el patrimonio y el orden socioeconómico	13.2 Robos		De Oceanía	2017	2
A Delitos	13 Contra el patrimonio y el orden socioeconómico	13.2 Robos		De Oceanía	2016	2
A Delitos	13 Contra el patrimonio y el orden socioeconómico	13.2 Robos		De Oceanía	2015	1
A Delitos	13 Contra el patrimonio y el orden socioeconómico	13.2 Robos		De Oceanía	2014	2
A Delitos	13 Contra el patrimonio y el orden socioeconómico	13.2 Robos		De Oceanía	2013	74
A Delitos	13 Contra el patrimonio y el orden socioeconómico	13.9 Daños		Española	2022	8.661
A Delitos	13 Contra el patrimonio y el orden socioeconómico	13.9 Daños		Española	2021	8.671
A Delitos	13 Contra el patrimonio y el orden socioeconómico	13.9 Daños		Española	2020	6.202
A Delitos	13 Contra el patrimonio y el orden socioeconómico	13.9 Daños		Española	2019	8.345
A Delitos	13 Contra el patrimonio y el orden socioeconómico	13.9 Daños		Española	2018	8.151
A Delitos	13 Contra el patrimonio y el orden socioeconómico	13.9 Daños		Española	2017	7.970
A Delitos	13 Contra el patrimonio y el orden socioeconómico	13.9 Daños		Española	2016	6.493
A Delitos	13 Contra el patrimonio y el orden socioeconómico	13.9 Daños		Española	2015	4.054
A Delitos	13 Contra el patrimonio y el orden socioeconómico	13.9 Daños		Española	2014	3.536
A Delitos	13 Contra el patrimonio y el orden socioeconómico	13.9 Daños		Española	2013	3.416
A Delitos	13 Contra el patrimonio y el orden socioeconómico	13.9 Daños		País de la UE28 sin España	2022	""
A Delitos	13 Contra el patrimonio y el orden socioeconómico	13.9 Daños		País de la UE28 sin España	2021	""
A Delitos	13 Contra el patrimonio y el orden socioeconómico	13.9 Daños		País de la UE28 sin España	2020	""
A Delitos	13 Contra el patrimonio y el orden socioeconómico	13.9 Daños		País de la UE28 sin España	2019	655
A Delitos	13 Contra el patrimonio y el orden socioeconómico	13.9 Daños		País de la UE28 sin España	2018	704
A Delitos	13 Contra el patrimonio y el orden socioeconómico	13.9 Daños		País de la UE28 sin España	2017	656
A Delitos	13 Contra el patrimonio y el orden socioeconómico	13.9 Daños		País de la UE28 sin España	2016	520
A Delitos	13 Contra el patrimonio y el orden socioeconómico	13.9 Daños		País de la UE28 sin España	2015	290
A Delitos	13 Contra el patrimonio y el orden socioeconómico	13.9 Daños		País de la UE28 sin España	2014	289
A Delitos	13 Contra el patrimonio y el orden socioeconómico	13.9 Daños		País de la UE28 sin España	2013	259
A Delitos	13 Contra el patrimonio y el orden socioeconómico	13.9 Daños		País de la UE27_2020 sin España	2022	532
A Delitos	13 Contra el patrimonio y el orden socioeconómico	13.9 Daños		País de la UE27_2020 sin España	2021	559
A Delitos	13 Contra el patrimonio y el orden socioeconómico	13.9 Daños		País de la UE27_2020 sin España	2020	370
A Delitos	13 Contra el patrimonio y el orden socioeconómico	13.9 Daños		País de la UE27_2020 sin España	2019	""
A Delitos	13 Contra el patrimonio y el orden socioeconómico	13.9 Daños		País de la UE27_2020 sin España	2018	""
A Delitos	13 Contra el patrimonio y el orden socioeconómico	13.9 Daños		País de la UE27_2020 sin España	2017	""
A Delitos	13 Contra el patrimonio y el orden socioeconómico	13.9 Daños		País de la UE27_2020 sin España	2016	""
A Delitos	13 Contra el patrimonio y el orden socioeconómico	13.9 Daños		País de la UE27_2020 sin España	2015	""
A Delitos	13 Contra el patrimonio y el orden socioeconómico	13.9 Daños		País de la UE27_2020 sin España	2014	""
A Delitos	13 Contra el patrimonio y el orden socioeconómico	13.9 Daños		País de la UE27_2020 sin España	2013	""
A Delitos	13 Contra el patrimonio y el orden socioeconómico	13.9 Daños		País de Europa menos UE28	2022	""
A Delitos	13 Contra el patrimonio y el orden socioeconómico	13.9 Daños		País de Europa menos UE28	2021	""
A Delitos	13 Contra el patrimonio y el orden socioeconómico	13.9 Daños		País de Europa menos UE28	2020	""
A Delitos	13 Contra el patrimonio y el orden socioeconómico	13.9 Daños		País de Europa menos UE28	2019	86
A Delitos	13 Contra el patrimonio y el orden socioeconómico	13.9 Daños		País de Europa menos UE28	2018	81
A Delitos	13 Contra el patrimonio y el orden socioeconómico	13.9 Daños		País de Europa menos UE28	2017	85
A Delitos	13 Contra el patrimonio y el orden socioeconómico	13.9 Daños		País de Europa menos UE28	2016	55
A Delitos	13 Contra el patrimonio y el orden socioeconómico	13.9 Daños		País de Europa menos UE28	2015	33
A Delitos	13 Contra el patrimonio y el orden socioeconómico	13.9 Daños		País de Europa menos UE28	2014	27
A Delitos	13 Contra el patrimonio y el orden socioeconómico	13.9 Daños		País de Europa menos UE28	2013	21
A Delitos	13 Contra el patrimonio y el orden socioeconómico	13.9 Daños		País de Europa menos UE27_2020	2022	179
A Delitos	13 Contra el patrimonio y el orden socioeconómico	13.9 Daños		País de Europa menos UE27_2020	2021	153
A Delitos	13 Contra el patrimonio y el orden socioeconómico	13.9 Daños		País de Europa menos UE27_2020	2020	86
A Delitos	13 Contra el patrimonio y el orden socioeconómico	13.9 Daños		País de Europa menos UE27_2020	2019	""
A Delitos	13 Contra el patrimonio y el orden socioeconómico	13.9 Daños		País de Europa menos UE27_2020	2018	""
A Delitos	13 Contra el patrimonio y el orden socioeconómico	13.9 Daños		País de Europa menos UE27_2020	2017	""
A Delitos	13 Contra el patrimonio y el orden socioeconómico	13.9 Daños		País de Europa menos UE27_2020	2016	""
A Delitos	13 Contra el patrimonio y el orden socioeconómico	13.9 Daños		País de Europa menos UE27_2020	2015	""
A Delitos	13 Contra el patrimonio y el orden socioeconómico	13.9 Daños		País de Europa menos UE27_2020	2014	""
A Delitos	13 Contra el patrimonio y el orden socioeconómico	13.9 Daños		País de Europa menos UE27_2020	2013	""
A Delitos	13 Contra el patrimonio y el orden socioeconómico	13.9 Daños		De Africa	2022	892
A Delitos	13 Contra el patrimonio y el orden socioeconómico	13.9 Daños		De Africa	2021	769
A Delitos	13 Contra el patrimonio y el orden socioeconómico	13.9 Daños		De Africa	2020	497
A Delitos	13 Contra el patrimonio y el orden socioeconómico	13.9 Daños		De Africa	2019	603
A Delitos	13 Contra el patrimonio y el orden socioeconómico	13.9 Daños		De Africa	2018	582
A Delitos	13 Contra el patrimonio y el orden socioeconómico	13.9 Daños		De Africa	2017	489
A Delitos	13 Contra el patrimonio y el orden socioeconómico	13.9 Daños		De Africa	2016	377
A Delitos	13 Contra el patrimonio y el orden socioeconómico	13.9 Daños		De Africa	2015	223
A Delitos	13 Contra el patrimonio y el orden socioeconómico	13.9 Daños		De Africa	2014	184
A Delitos	13 Contra el patrimonio y el orden socioeconómico	13.9 Daños		De Africa	2013	196
A Delitos	13 Contra el patrimonio y el orden socioeconómico	13.9 Daños		De América	2022	618
A Delitos	13 Contra el patrimonio y el orden socioeconómico	13.9 Daños		De América	2021	582
A Delitos	13 Contra el patrimonio y el orden socioeconómico	13.9 Daños		De América	2020	406
A Delitos	13 Contra el patrimonio y el orden socioeconómico	13.9 Daños		De América	2019	502
A Delitos	13 Contra el patrimonio y el orden socioeconómico	13.9 Daños		De América	2018	468
A Delitos	13 Contra el patrimonio y el orden socioeconómico	13.9 Daños		De América	2017	456
A Delitos	13 Contra el patrimonio y el orden socioeconómico	13.9 Daños		De América	2016	351
A Delitos	13 Contra el patrimonio y el orden socioeconómico	13.9 Daños		De América	2015	232
A Delitos	13 Contra el patrimonio y el orden socioeconómico	13.9 Daños		De América	2014	220
A Delitos	13 Contra el patrimonio y el orden socioeconómico	13.9 Daños		De América	2013	181
A Delitos	13 Contra el patrimonio y el orden socioeconómico	13.9 Daños		De Asia	2022	51
A Delitos	13 Contra el patrimonio y el orden socioeconómico	13.9 Daños		De Asia	2021	55
A Delitos	13 Contra el patrimonio y el orden socioeconómico	13.9 Daños		De Asia	2020	48
A Delitos	13 Contra el patrimonio y el orden socioeconómico	13.9 Daños		De Asia	2019	60
A Delitos	13 Contra el patrimonio y el orden socioeconómico	13.9 Daños		De Asia	2018	51
A Delitos	13 Contra el patrimonio y el orden socioeconómico	13.9 Daños		De Asia	2017	36
A Delitos	13 Contra el patrimonio y el orden socioeconómico	13.9 Daños		De Asia	2016	36
A Delitos	13 Contra el patrimonio y el orden socioeconómico	13.9 Daños		De Asia	2015	22
A Delitos	13 Contra el patrimonio y el orden socioeconómico	13.9 Daños		De Asia	2014	12
A Delitos	13 Contra el patrimonio y el orden socioeconómico	13.9 Daños		De Asia	2013	21
A Delitos	13 Contra el patrimonio y el orden socioeconómico	13.9 Daños		De Oceanía	2022	0
A Delitos	13 Contra el patrimonio y el orden socioeconómico	13.9 Daños		De Oceanía	2021	0
A Delitos	13 Contra el patrimonio y el orden socioeconómico	13.9 Daños		De Oceanía	2020	0
A Delitos	13 Contra el patrimonio y el orden socioeconómico	13.9 Daños		De Oceanía	2019	1
A Delitos	13 Contra el patrimonio y el orden socioeconómico	13.9 Daños		De Oceanía	2018	0
A Delitos	13 Contra el patrimonio y el orden socioeconómico	13.9 Daños		De Oceanía	2017	2
A Delitos	13 Contra el patrimonio y el orden socioeconómico	13.9 Daños		De Oceanía	2016	6
A Delitos	13 Contra el patrimonio y el orden socioeconómico	13.9 Daños		De Oceanía	2015	0
A Delitos	13 Contra el patrimonio y el orden socioeconómico	13.9 Daños		De Oceanía	2014	4
A Delitos	13 Contra el patrimonio y el orden socioeconómico	13.9 Daños		De Oceanía	2013	1
A Delitos	17 Contra la seguridad colectiva			Española	2022	90.732
A Delitos	17 Contra la seguridad colectiva			Española	2021	83.392
A Delitos	17 Contra la seguridad colectiva			Española	2020	60.754
A Delitos	17 Contra la seguridad colectiva			Española	2019	78.761
A Delitos	17 Contra la seguridad colectiva			Española	2018	77.105
A Delitos	17 Contra la seguridad colectiva			Española	2017	76.000
A Delitos	17 Contra la seguridad colectiva			Española	2016	76.085
A Delitos	17 Contra la seguridad colectiva			Española	2015	78.201
A Delitos	17 Contra la seguridad colectiva			Española	2014	83.275
A Delitos	17 Contra la seguridad colectiva			Española	2013	85.558
A Delitos	17 Contra la seguridad colectiva			País de la UE28 sin España	2022	""
A Delitos	17 Contra la seguridad colectiva			País de la UE28 sin España	2021	""
A Delitos	17 Contra la seguridad colectiva			País de la UE28 sin España	2020	""
A Delitos	17 Contra la seguridad colectiva			País de la UE28 sin España	2019	7.510
A Delitos	17 Contra la seguridad colectiva			País de la UE28 sin España	2018	7.300
A Delitos	17 Contra la seguridad colectiva			País de la UE28 sin España	2017	6.883
A Delitos	17 Contra la seguridad colectiva			País de la UE28 sin España	2016	7.006
A Delitos	17 Contra la seguridad colectiva			País de la UE28 sin España	2015	7.045
A Delitos	17 Contra la seguridad colectiva			País de la UE28 sin España	2014	7.594
A Delitos	17 Contra la seguridad colectiva			País de la UE28 sin España	2013	7.985
A Delitos	17 Contra la seguridad colectiva			País de la UE27_2020 sin España	2022	7.269
A Delitos	17 Contra la seguridad colectiva			País de la UE27_2020 sin España	2021	6.618
A Delitos	17 Contra la seguridad colectiva			País de la UE27_2020 sin España	2020	4.948
A Delitos	17 Contra la seguridad colectiva			País de la UE27_2020 sin España	2019	""
A Delitos	17 Contra la seguridad colectiva			País de la UE27_2020 sin España	2018	""
A Delitos	17 Contra la seguridad colectiva			País de la UE27_2020 sin España	2017	""
A Delitos	17 Contra la seguridad colectiva			País de la UE27_2020 sin España	2016	""
A Delitos	17 Contra la seguridad colectiva			País de la UE27_2020 sin España	2015	""
A Delitos	17 Contra la seguridad colectiva			País de la UE27_2020 sin España	2014	""
A Delitos	17 Contra la seguridad colectiva			País de la UE27_2020 sin España	2013	""
A Delitos	17 Contra la seguridad colectiva			País de Europa menos UE28	2022	""
A Delitos	17 Contra la seguridad colectiva			País de Europa menos UE28	2021	""
A Delitos	17 Contra la seguridad colectiva			País de Europa menos UE28	2020	""
A Delitos	17 Contra la seguridad colectiva			País de Europa menos UE28	2019	1.049
A Delitos	17 Contra la seguridad colectiva			País de Europa menos UE28	2018	1.098
A Delitos	17 Contra la seguridad colectiva			País de Europa menos UE28	2017	990
A Delitos	17 Contra la seguridad colectiva			País de Europa menos UE28	2016	967
A Delitos	17 Contra la seguridad colectiva			País de Europa menos UE28	2015	934
A Delitos	17 Contra la seguridad colectiva			País de Europa menos UE28	2014	973
A Delitos	17 Contra la seguridad colectiva			País de Europa menos UE28	2013	912
A Delitos	17 Contra la seguridad colectiva			País de Europa menos UE27_2020	2022	2.170
A Delitos	17 Contra la seguridad colectiva			País de Europa menos UE27_2020	2021	2.156
A Delitos	17 Contra la seguridad colectiva			País de Europa menos UE27_2020	2020	1.457
A Delitos	17 Contra la seguridad colectiva			País de Europa menos UE27_2020	2019	""
A Delitos	17 Contra la seguridad colectiva			País de Europa menos UE27_2020	2018	""
A Delitos	17 Contra la seguridad colectiva			País de Europa menos UE27_2020	2017	""
A Delitos	17 Contra la seguridad colectiva			País de Europa menos UE27_2020	2016	""
A Delitos	17 Contra la seguridad colectiva			País de Europa menos UE27_2020	2015	""
A Delitos	17 Contra la seguridad colectiva			País de Europa menos UE27_2020	2014	""
A Delitos	17 Contra la seguridad colectiva			País de Europa menos UE27_2020	2013	""
A Delitos	17 Contra la seguridad colectiva			De Africa	2022	6.041
A Delitos	17 Contra la seguridad colectiva			De Africa	2021	5.604
A Delitos	17 Contra la seguridad colectiva			De Africa	2020	4.155
A Delitos	17 Contra la seguridad colectiva			De Africa	2019	5.345
A Delitos	17 Contra la seguridad colectiva			De Africa	2018	4.973
A Delitos	17 Contra la seguridad colectiva			De Africa	2017	4.703
A Delitos	17 Contra la seguridad colectiva			De Africa	2016	4.978
A Delitos	17 Contra la seguridad colectiva			De Africa	2015	5.169
A Delitos	17 Contra la seguridad colectiva			De Africa	2014	5.759
A Delitos	17 Contra la seguridad colectiva			De Africa	2013	6.577
A Delitos	17 Contra la seguridad colectiva			De América	2022	13.666
A Delitos	17 Contra la seguridad colectiva			De América	2021	11.687
A Delitos	17 Contra la seguridad colectiva			De América	2020	8.213
A Delitos	17 Contra la seguridad colectiva			De América	2019	9.876
A Delitos	17 Contra la seguridad colectiva			De América	2018	9.312
A Delitos	17 Contra la seguridad colectiva			De América	2017	8.787
A Delitos	17 Contra la seguridad colectiva			De América	2016	9.444
A Delitos	17 Contra la seguridad colectiva			De América	2015	10.107
A Delitos	17 Contra la seguridad colectiva			De América	2014	11.402
A Delitos	17 Contra la seguridad colectiva			De América	2013	12.955
A Delitos	17 Contra la seguridad colectiva			De Asia	2022	800
A Delitos	17 Contra la seguridad colectiva			De Asia	2021	722
A Delitos	17 Contra la seguridad colectiva			De Asia	2020	523
A Delitos	17 Contra la seguridad colectiva			De Asia	2019	707
A Delitos	17 Contra la seguridad colectiva			De Asia	2018	687
A Delitos	17 Contra la seguridad colectiva			De Asia	2017	647
A Delitos	17 Contra la seguridad colectiva			De Asia	2016	678
A Delitos	17 Contra la seguridad colectiva			De Asia	2015	693
A Delitos	17 Contra la seguridad colectiva			De Asia	2014	809
A Delitos	17 Contra la seguridad colectiva			De Asia	2013	870
A Delitos	17 Contra la seguridad colectiva			De Oceanía	2022	4
A Delitos	17 Contra la seguridad colectiva			De Oceanía	2021	7
A Delitos	17 Contra la seguridad colectiva			De Oceanía	2020	4
A Delitos	17 Contra la seguridad colectiva			De Oceanía	2019	9
A Delitos	17 Contra la seguridad colectiva			De Oceanía	2018	9
A Delitos	17 Contra la seguridad colectiva			De Oceanía	2017	11
A Delitos	17 Contra la seguridad colectiva			De Oceanía	2016	16
A Delitos	17 Contra la seguridad colectiva			De Oceanía	2015	15
A Delitos	17 Contra la seguridad colectiva			De Oceanía	2014	3
A Delitos	17 Contra la seguridad colectiva			De Oceanía	2013	94
A Delitos	22 Contra el orden público			Española	2022	12.344
A Delitos	22 Contra el orden público			Española	2021	11.515
A Delitos	22 Contra el orden público			Española	2020	8.830
A Delitos	22 Contra el orden público			Española	2019	10.554
A Delitos	22 Contra el orden público			Española	2018	10.605
A Delitos	22 Contra el orden público			Española	2017	10.502
A Delitos	22 Contra el orden público			Española	2016	10.317
A Delitos	22 Contra el orden público			Española	2015	9.878
A Delitos	22 Contra el orden público			Española	2014	9.545
A Delitos	22 Contra el orden público			Española	2013	9.131
A Delitos	22 Contra el orden público			País de la UE28 sin España	2022	""
A Delitos	22 Contra el orden público			País de la UE28 sin España	2021	""
A Delitos	22 Contra el orden público			País de la UE28 sin España	2020	""
A Delitos	22 Contra el orden público			País de la UE28 sin España	2019	1.424
A Delitos	22 Contra el orden público			País de la UE28 sin España	2018	1.393
A Delitos	22 Contra el orden público			País de la UE28 sin España	2017	1.357
A Delitos	22 Contra el orden público			País de la UE28 sin España	2016	1.239
A Delitos	22 Contra el orden público			País de la UE28 sin España	2015	1.182
A Delitos	22 Contra el orden público			País de la UE28 sin España	2014	1.082
A Delitos	22 Contra el orden público			País de la UE28 sin España	2013	1.051
A Delitos	22 Contra el orden público			País de la UE27_2020 sin España	2022	1.201
A Delitos	22 Contra el orden público			País de la UE27_2020 sin España	2021	1.111
A Delitos	22 Contra el orden público			País de la UE27_2020 sin España	2020	885
A Delitos	22 Contra el orden público			País de la UE27_2020 sin España	2019	""
A Delitos	22 Contra el orden público			País de la UE27_2020 sin España	2018	""
A Delitos	22 Contra el orden público			País de la UE27_2020 sin España	2017	""
A Delitos	22 Contra el orden público			País de la UE27_2020 sin España	2016	""
A Delitos	22 Contra el orden público			País de la UE27_2020 sin España	2015	""
A Delitos	22 Contra el orden público			País de la UE27_2020 sin España	2014	""
A Delitos	22 Contra el orden público			País de la UE27_2020 sin España	2013	""
A Delitos	22 Contra el orden público			País de Europa menos UE28	2022	""
A Delitos	22 Contra el orden público			País de Europa menos UE28	2021	""
A Delitos	22 Contra el orden público			País de Europa menos UE28	2020	""
A Delitos	22 Contra el orden público			País de Europa menos UE28	2019	269
A Delitos	22 Contra el orden público			País de Europa menos UE28	2018	235
A Delitos	22 Contra el orden público			País de Europa menos UE28	2017	223
A Delitos	22 Contra el orden público			País de Europa menos UE28	2016	196
A Delitos	22 Contra el orden público			País de Europa menos UE28	2015	189
A Delitos	22 Contra el orden público			País de Europa menos UE28	2014	168
A Delitos	22 Contra el orden público			País de Europa menos UE28	2013	129
A Delitos	22 Contra el orden público			País de Europa menos UE27_2020	2022	556
A Delitos	22 Contra el orden público			País de Europa menos UE27_2020	2021	452
A Delitos	22 Contra el orden público			País de Europa menos UE27_2020	2020	358
A Delitos	22 Contra el orden público			País de Europa menos UE27_2020	2019	""
A Delitos	22 Contra el orden público			País de Europa menos UE27_2020	2018	""
A Delitos	22 Contra el orden público			País de Europa menos UE27_2020	2017	""
A Delitos	22 Contra el orden público			País de Europa menos UE27_2020	2016	""
A Delitos	22 Contra el orden público			País de Europa menos UE27_2020	2015	""
A Delitos	22 Contra el orden público			País de Europa menos UE27_2020	2014	""
A Delitos	22 Contra el orden público			País de Europa menos UE27_2020	2013	""
A Delitos	22 Contra el orden público			De Africa	2022	2.300
A Delitos	22 Contra el orden público			De Africa	2021	2.042
A Delitos	22 Contra el orden público			De Africa	2020	1.392
A Delitos	22 Contra el orden público			De Africa	2019	1.573
A Delitos	22 Contra el orden público			De Africa	2018	1.478
A Delitos	22 Contra el orden público			De Africa	2017	1.411
A Delitos	22 Contra el orden público			De Africa	2016	1.366
A Delitos	22 Contra el orden público			De Africa	2015	1.266
A Delitos	22 Contra el orden público			De Africa	2014	1.249
A Delitos	22 Contra el orden público			De Africa	2013	1.218
A Delitos	22 Contra el orden público			De América	2022	1.714
A Delitos	22 Contra el orden público			De América	2021	1.515
A Delitos	22 Contra el orden público			De América	2020	1.100
A Delitos	22 Contra el orden público			De América	2019	1.221
A Delitos	22 Contra el orden público			De América	2018	1.156
A Delitos	22 Contra el orden público			De América	2017	1.139
A Delitos	22 Contra el orden público			De América	2016	1.188
A Delitos	22 Contra el orden público			De América	2015	1.166
A Delitos	22 Contra el orden público			De América	2014	1.168
A Delitos	22 Contra el orden público			De América	2013	1.118
A Delitos	22 Contra el orden público			De Asia	2022	144
A Delitos	22 Contra el orden público			De Asia	2021	90
A Delitos	22 Contra el orden público			De Asia	2020	72
A Delitos	22 Contra el orden público			De Asia	2019	122
A Delitos	22 Contra el orden público			De Asia	2018	77
A Delitos	22 Contra el orden público			De Asia	2017	119
A Delitos	22 Contra el orden público			De Asia	2016	84
A Delitos	22 Contra el orden público			De Asia	2015	63
A Delitos	22 Contra el orden público			De Asia	2014	98
A Delitos	22 Contra el orden público			De Asia	2013	72
A Delitos	22 Contra el orden público			De Oceanía	2022	5
A Delitos	22 Contra el orden público			De Oceanía	2021	2
A Delitos	22 Contra el orden público			De Oceanía	2020	3
A Delitos	22 Contra el orden público			De Oceanía	2019	7
A Delitos	22 Contra el orden público			De Oceanía	2018	0
A Delitos	22 Contra el orden público			De Oceanía	2017	2
A Delitos	22 Contra el orden público			De Oceanía	2016	4
A Delitos	22 Contra el orden público			De Oceanía	2015	1
A Delitos	22 Contra el orden público			De Oceanía	2014	7
A Delitos	22 Contra el orden público			De Oceanía	2013	25
